filename,count,timestamp
dew_20251215_172852.jpg,5,20251215_172852
dew_20251215_172853.jpg,5,20251215_172853
dew_20251215_172854.jpg,5,20251215_172854
dew_20251215_172856.jpg,5,20251215_172856
dew_20251215_172856.jpg,5,20251215_172856
dew_20251215_172857.jpg,5,20251215_172857
dew_20251215_172857.jpg,5,20251215_172857
dew_20251215_172857.jpg,5,20251215_172857
dew_20251215_172858.jpg,5,20251215_172858
dew_20251215_172858.jpg,5,20251215_172858
dew_20251215_172859.jpg,5,20251215_172859
dew_20251215_172859.jpg,5,20251215_172859
dew_20251215_172859.jpg,5,20251215_172859
dew_20251215_172900.jpg,5,20251215_172900
dew_20251215_172900.jpg,5,20251215_172900
dew_20251215_172903.jpg,5,20251215_172903
dew_20251215_172904.jpg,5,20251215_172904
dew_20251215_172904.jpg,5,20251215_172904
dew_20251215_172904.jpg,5,20251215_172904
dew_20251215_172905.jpg,5,20251215_172905
dew_20251215_172905.jpg,5,20251215_172905
dew_20251215_172905.jpg,5,20251215_172905
dew_20251215_172906.jpg,5,20251215_172906
dew_20251215_172906.jpg,5,20251215_172906
dew_20251215_172908.jpg,5,20251215_172908
dew_20251215_172908.jpg,5,20251215_172908
dew_20251215_172908.jpg,5,20251215_172908
dew_20251215_172909.jpg,5,20251215_172909
dew_20251215_172909.jpg,5,20251215_172909
dew_20251215_172909.jpg,5,20251215_172909
dew_20251215_172910.jpg,5,20251215_172910
dew_20251215_172910.jpg,5,20251215_172910
dew_20251215_172910.jpg,5,20251215_172910
dew_20251215_172911.jpg,5,20251215_172911
dew_20251215_172911.jpg,5,20251215_172911
dew_20251215_172911.jpg,5,20251215_172911
dew_20251215_172912.jpg,5,20251215_172912
dew_20251215_172912.jpg,5,20251215_172912
dew_20251215_172912.jpg,5,20251215_172912
dew_20251215_172913.jpg,5,20251215_172913
dew_20251215_172913.jpg,5,20251215_172913
dew_20251215_172913.jpg,5,20251215_172913
dew_20251215_172914.jpg,5,20251215_172914
dew_20251215_172914.jpg,5,20251215_172914
dew_20251215_172914.jpg,5,20251215_172914
dew_20251215_172915.jpg,5,20251215_172915
dew_20251215_172915.jpg,5,20251215_172915
dew_20251215_172916.jpg,5,20251215_172916
dew_20251215_172916.jpg,5,20251215_172916
dew_20251215_172916.jpg,5,20251215_172916
dew_20251215_172917.jpg,5,20251215_172917
dew_20251215_172917.jpg,5,20251215_172917
dew_20251215_172917.jpg,5,20251215_172917
dew_20251215_172918.jpg,5,20251215_172918
dew_20251215_172918.jpg,5,20251215_172918
dew_20251215_172918.jpg,5,20251215_172918
dew_20251215_172919.jpg,5,20251215_172919
dew_20251215_172919.jpg,5,20251215_172919
dew_20251215_172919.jpg,5,20251215_172919
dew_20251215_172919.jpg,5,20251215_172919
dew_20251215_172920.jpg,5,20251215_172920
dew_20251215_172920.jpg,5,20251215_172920
dew_20251215_172921.jpg,5,20251215_172921
dew_20251215_172921.jpg,5,20251215_172921
dew_20251215_172921.jpg,5,20251215_172921
dew_20251215_172922.jpg,5,20251215_172922
dew_20251215_172922.jpg,5,20251215_172922
dew_20251215_172923.jpg,5,20251215_172923
dew_20251215_172923.jpg,5,20251215_172923
dew_20251215_172923.jpg,5,20251215_172923
dew_20251215_172924.jpg,5,20251215_172924
dew_20251215_172924.jpg,5,20251215_172924
dew_20251215_172924.jpg,5,20251215_172924
dew_20251215_172925.jpg,5,20251215_172925
dew_20251215_172925.jpg,5,20251215_172925
dew_20251215_172925.jpg,5,20251215_172925
dew_20251215_172926.jpg,5,20251215_172926
dew_20251215_172934.jpg,4,20251215_172934
dew_20251215_172936.jpg,4,20251215_172936
dew_20251215_172937.jpg,4,20251215_172937
dew_20251215_172937.jpg,4,20251215_172937
dew_20251215_172938.jpg,4,20251215_172938
dew_20251215_172938.jpg,4,20251215_172938
dew_20251215_172939.jpg,4,20251215_172939
dew_20251215_172939.jpg,4,20251215_172939
dew_20251215_172939.jpg,4,20251215_172939
dew_20251215_172939.jpg,4,20251215_172939
dew_20251215_172940.jpg,4,20251215_172940
dew_20251215_172940.jpg,4,20251215_172940
dew_20251215_172940.jpg,4,20251215_172940
dew_20251215_172941.jpg,4,20251215_172941
dew_20251215_172941.jpg,4,20251215_172941
dew_20251215_172941.jpg,4,20251215_172941
dew_20251215_172942.jpg,4,20251215_172942
dew_20251215_172942.jpg,4,20251215_172942
dew_20251215_172942.jpg,4,20251215_172942
dew_20251215_172943.jpg,4,20251215_172943
dew_20251215_172943.jpg,4,20251215_172943
dew_20251215_172943.jpg,4,20251215_172943
dew_20251215_172943.jpg,4,20251215_172943
dew_20251215_172944.jpg,4,20251215_172944
dew_20251215_172944.jpg,4,20251215_172944
dew_20251215_172944.jpg,4,20251215_172944
dew_20251215_172945.jpg,4,20251215_172945
dew_20251215_172945.jpg,4,20251215_172945
dew_20251215_172945.jpg,4,20251215_172945
dew_20251215_172946.jpg,4,20251215_172946
dew_20251215_172946.jpg,4,20251215_172946
dew_20251215_172946.jpg,4,20251215_172946
dew_20251215_172947.jpg,4,20251215_172947
dew_20251215_172947.jpg,4,20251215_172947
dew_20251215_172947.jpg,4,20251215_172947
dew_20251215_172948.jpg,4,20251215_172948
dew_20251215_172948.jpg,4,20251215_172948
dew_20251215_172948.jpg,4,20251215_172948
dew_20251215_172949.jpg,4,20251215_172949
dew_20251215_172949.jpg,4,20251215_172949
dew_20251215_172949.jpg,4,20251215_172949
dew_20251215_172950.jpg,4,20251215_172950
dew_20251215_172950.jpg,4,20251215_172950
dew_20251215_172950.jpg,4,20251215_172950
dew_20251215_172951.jpg,4,20251215_172951
dew_20251215_172951.jpg,4,20251215_172951
dew_20251215_172951.jpg,4,20251215_172951
dew_20251215_172952.jpg,4,20251215_172952
dew_20251215_172952.jpg,4,20251215_172952
dew_20251215_172952.jpg,4,20251215_172952
dew_20251215_172952.jpg,4,20251215_172952
dew_20251215_172953.jpg,4,20251215_172953
dew_20251215_172953.jpg,4,20251215_172953
dew_20251215_172953.jpg,4,20251215_172953
dew_20251215_172954.jpg,4,20251215_172954
dew_20251215_172954.jpg,4,20251215_172954
dew_20251215_172954.jpg,4,20251215_172954
dew_20251215_172955.jpg,4,20251215_172955
dew_20251215_172955.jpg,4,20251215_172955
dew_20251215_172955.jpg,4,20251215_172955
dew_20251215_172956.jpg,4,20251215_172956
dew_20251215_172956.jpg,4,20251215_172956
dew_20251215_172956.jpg,4,20251215_172956
dew_20251215_172957.jpg,4,20251215_172957
dew_20251215_172957.jpg,4,20251215_172957
dew_20251215_172957.jpg,4,20251215_172957
dew_20251215_172958.jpg,4,20251215_172958
dew_20251215_172958.jpg,4,20251215_172958
dew_20251215_172958.jpg,4,20251215_172958
dew_20251215_172959.jpg,4,20251215_172959
dew_20251215_172959.jpg,4,20251215_172959
dew_20251215_172959.jpg,4,20251215_172959
dew_20251215_173000.jpg,4,20251215_173000
dew_20251215_173000.jpg,4,20251215_173000
dew_20251215_173000.jpg,4,20251215_173000
dew_20251215_173001.jpg,4,20251215_173001
dew_20251215_173001.jpg,4,20251215_173001
dew_20251215_173001.jpg,4,20251215_173001
dew_20251215_173001.jpg,4,20251215_173001
dew_20251215_173002.jpg,4,20251215_173002
dew_20251215_173002.jpg,4,20251215_173002
dew_20251215_173002.jpg,4,20251215_173002
dew_20251215_173003.jpg,4,20251215_173003
dew_20251215_173003.jpg,4,20251215_173003
dew_20251215_173003.jpg,4,20251215_173003
dew_20251215_173004.jpg,4,20251215_173004
dew_20251215_173004.jpg,4,20251215_173004
dew_20251215_173004.jpg,4,20251215_173004
dew_20251215_173005.jpg,4,20251215_173005
dew_20251215_173005.jpg,4,20251215_173005
dew_20251215_173005.jpg,4,20251215_173005
dew_20251215_173006.jpg,4,20251215_173006
dew_20251215_173006.jpg,4,20251215_173006
dew_20251215_173006.jpg,4,20251215_173006
dew_20251215_173007.jpg,4,20251215_173007
dew_20251215_173007.jpg,4,20251215_173007
dew_20251215_173007.jpg,4,20251215_173007
dew_20251215_173015.jpg,3,20251215_173015
dew_20251215_173015.jpg,3,20251215_173015
dew_20251215_173015.jpg,3,20251215_173015
dew_20251215_173016.jpg,3,20251215_173016
dew_20251215_173016.jpg,3,20251215_173016
dew_20251215_173017.jpg,3,20251215_173017
dew_20251215_173017.jpg,3,20251215_173017
dew_20251215_173017.jpg,3,20251215_173017
dew_20251215_173018.jpg,3,20251215_173018
dew_20251215_173018.jpg,3,20251215_173018
dew_20251215_173019.jpg,3,20251215_173019
dew_20251215_173019.jpg,3,20251215_173019
dew_20251215_173019.jpg,3,20251215_173019
dew_20251215_173019.jpg,3,20251215_173019
dew_20251215_173020.jpg,3,20251215_173020
dew_20251215_173021.jpg,3,20251215_173021
dew_20251215_173021.jpg,3,20251215_173021
dew_20251215_173022.jpg,3,20251215_173022
dew_20251215_173022.jpg,3,20251215_173022
dew_20251215_173023.jpg,3,20251215_173023
dew_20251215_173023.jpg,3,20251215_173023
dew_20251215_173023.jpg,3,20251215_173023
dew_20251215_173024.jpg,3,20251215_173024
dew_20251215_173024.jpg,3,20251215_173024
dew_20251215_173024.jpg,3,20251215_173024
dew_20251215_173026.jpg,3,20251215_173026
dew_20251215_173026.jpg,3,20251215_173026
dew_20251215_173026.jpg,3,20251215_173026
dew_20251215_173027.jpg,3,20251215_173027
dew_20251215_173027.jpg,3,20251215_173027
dew_20251215_173028.jpg,3,20251215_173028
dew_20251215_173028.jpg,3,20251215_173028
dew_20251215_173028.jpg,3,20251215_173028
dew_20251215_173029.jpg,3,20251215_173029
dew_20251215_173029.jpg,3,20251215_173029
dew_20251215_173029.jpg,3,20251215_173029
dew_20251215_173030.jpg,3,20251215_173030
dew_20251215_173030.jpg,3,20251215_173030
dew_20251215_173030.jpg,3,20251215_173030
dew_20251215_173031.jpg,3,20251215_173031
dew_20251215_173031.jpg,3,20251215_173031
dew_20251215_173031.jpg,3,20251215_173031
dew_20251215_173032.jpg,3,20251215_173032
dew_20251215_173032.jpg,3,20251215_173032
dew_20251215_173032.jpg,3,20251215_173032
dew_20251215_173033.jpg,3,20251215_173033
dew_20251215_173033.jpg,3,20251215_173033
dew_20251215_173033.jpg,3,20251215_173033
dew_20251215_173034.jpg,3,20251215_173034
dew_20251215_173034.jpg,3,20251215_173034
dew_20251215_173034.jpg,3,20251215_173034
dew_20251215_173035.jpg,3,20251215_173035
dew_20251215_173035.jpg,3,20251215_173035
dew_20251215_173035.jpg,3,20251215_173035
dew_20251215_173036.jpg,3,20251215_173036
dew_20251215_173036.jpg,3,20251215_173036
dew_20251215_173036.jpg,3,20251215_173036
dew_20251215_173037.jpg,3,20251215_173037
dew_20251215_173037.jpg,3,20251215_173037
dew_20251215_173037.jpg,3,20251215_173037
dew_20251215_173038.jpg,3,20251215_173038
dew_20251215_173038.jpg,3,20251215_173038
dew_20251215_173038.jpg,3,20251215_173038
dew_20251215_173039.jpg,3,20251215_173039
dew_20251215_173039.jpg,3,20251215_173039
dew_20251215_173039.jpg,3,20251215_173039
dew_20251215_173040.jpg,3,20251215_173040
dew_20251215_173040.jpg,3,20251215_173040
dew_20251215_173040.jpg,3,20251215_173040
dew_20251215_173040.jpg,3,20251215_173040
dew_20251215_173041.jpg,3,20251215_173041
dew_20251215_173041.jpg,3,20251215_173041
dew_20251215_173042.jpg,3,20251215_173042
dew_20251215_173042.jpg,3,20251215_173042
dew_20251215_173042.jpg,3,20251215_173042
dew_20251215_173042.jpg,3,20251215_173042
dew_20251215_173043.jpg,3,20251215_173043
dew_20251215_173043.jpg,3,20251215_173043
dew_20251215_173043.jpg,3,20251215_173043
dew_20251215_173044.jpg,3,20251215_173044
dew_20251215_173044.jpg,3,20251215_173044
dew_20251215_173044.jpg,3,20251215_173044
dew_20251215_173045.jpg,3,20251215_173045
dew_20251215_173045.jpg,3,20251215_173045
dew_20251215_173045.jpg,3,20251215_173045
dew_20251215_173046.jpg,3,20251215_173046
dew_20251215_173046.jpg,3,20251215_173046
dew_20251215_173046.jpg,3,20251215_173046
dew_20251215_173047.jpg,3,20251215_173047
dew_20251215_173047.jpg,3,20251215_173047
dew_20251215_173047.jpg,3,20251215_173047
dew_20251215_173048.jpg,3,20251215_173048
dew_20251215_173048.jpg,3,20251215_173048
dew_20251215_173056.jpg,2,20251215_173056
dew_20251215_173057.jpg,2,20251215_173057
dew_20251215_173057.jpg,2,20251215_173057
dew_20251215_173057.jpg,2,20251215_173057
dew_20251215_173058.jpg,2,20251215_173058
dew_20251215_173058.jpg,2,20251215_173058
dew_20251215_173058.jpg,2,20251215_173058
dew_20251215_173059.jpg,2,20251215_173059
dew_20251215_173059.jpg,2,20251215_173059
dew_20251215_173059.jpg,2,20251215_173059
dew_20251215_173100.jpg,2,20251215_173100
dew_20251215_173100.jpg,2,20251215_173100
dew_20251215_173100.jpg,2,20251215_173100
dew_20251215_173101.jpg,2,20251215_173101
dew_20251215_173101.jpg,2,20251215_173101
dew_20251215_173101.jpg,2,20251215_173101
dew_20251215_173102.jpg,2,20251215_173102
dew_20251215_173102.jpg,2,20251215_173102
dew_20251215_173103.jpg,2,20251215_173103
dew_20251215_173103.jpg,2,20251215_173103
dew_20251215_173103.jpg,2,20251215_173103
dew_20251215_173103.jpg,2,20251215_173103
dew_20251215_173104.jpg,2,20251215_173104
dew_20251215_173104.jpg,2,20251215_173104
dew_20251215_173104.jpg,2,20251215_173104
dew_20251215_173105.jpg,2,20251215_173105
dew_20251215_173105.jpg,2,20251215_173105
dew_20251215_173105.jpg,2,20251215_173105
dew_20251215_173106.jpg,2,20251215_173106
dew_20251215_173106.jpg,2,20251215_173106
dew_20251215_173106.jpg,2,20251215_173106
dew_20251215_173107.jpg,2,20251215_173107
dew_20251215_173107.jpg,2,20251215_173107
dew_20251215_173107.jpg,2,20251215_173107
dew_20251215_173108.jpg,2,20251215_173108
dew_20251215_173108.jpg,2,20251215_173108
dew_20251215_173108.jpg,2,20251215_173108
dew_20251215_173109.jpg,2,20251215_173109
dew_20251215_173109.jpg,2,20251215_173109
dew_20251215_173110.jpg,2,20251215_173110
dew_20251215_173110.jpg,2,20251215_173110
dew_20251215_173110.jpg,2,20251215_173110
dew_20251215_173111.jpg,2,20251215_173111
dew_20251215_173111.jpg,2,20251215_173111
dew_20251215_173111.jpg,2,20251215_173111
dew_20251215_173112.jpg,2,20251215_173112
dew_20251215_173112.jpg,2,20251215_173112
dew_20251215_173112.jpg,2,20251215_173112
dew_20251215_173113.jpg,2,20251215_173113
dew_20251215_173113.jpg,2,20251215_173113
dew_20251215_173113.jpg,2,20251215_173113
dew_20251215_173114.jpg,2,20251215_173114
dew_20251215_173114.jpg,2,20251215_173114
dew_20251215_173114.jpg,2,20251215_173114
dew_20251215_173115.jpg,2,20251215_173115
dew_20251215_173115.jpg,2,20251215_173115
dew_20251215_173116.jpg,2,20251215_173116
dew_20251215_173116.jpg,2,20251215_173116
dew_20251215_173116.jpg,2,20251215_173116
dew_20251215_173116.jpg,2,20251215_173116
dew_20251215_173117.jpg,2,20251215_173117
dew_20251215_173117.jpg,2,20251215_173117
dew_20251215_173118.jpg,2,20251215_173118
dew_20251215_173118.jpg,2,20251215_173118
dew_20251215_173118.jpg,2,20251215_173118
dew_20251215_173119.jpg,2,20251215_173119
dew_20251215_173119.jpg,2,20251215_173119
dew_20251215_173119.jpg,2,20251215_173119
dew_20251215_173120.jpg,2,20251215_173120
dew_20251215_173120.jpg,2,20251215_173120
dew_20251215_173120.jpg,2,20251215_173120
dew_20251215_173121.jpg,2,20251215_173121
dew_20251215_173121.jpg,2,20251215_173121
dew_20251215_173121.jpg,2,20251215_173121
dew_20251215_173122.jpg,2,20251215_173122
dew_20251215_173122.jpg,2,20251215_173122
dew_20251215_173122.jpg,2,20251215_173122
dew_20251215_173123.jpg,2,20251215_173123
dew_20251215_173123.jpg,2,20251215_173123
dew_20251215_173123.jpg,2,20251215_173123
dew_20251215_173124.jpg,2,20251215_173124
dew_20251215_173124.jpg,2,20251215_173124
dew_20251215_173124.jpg,2,20251215_173124
dew_20251215_173125.jpg,2,20251215_173125
dew_20251215_173125.jpg,2,20251215_173125
dew_20251215_173125.jpg,2,20251215_173125
dew_20251215_173126.jpg,2,20251215_173126
dew_20251215_173126.jpg,2,20251215_173126
dew_20251215_173126.jpg,2,20251215_173126
dew_20251215_173134.jpg,1,20251215_173134
dew_20251215_173135.jpg,1,20251215_173135
dew_20251215_173135.jpg,1,20251215_173135
dew_20251215_173135.jpg,1,20251215_173135
dew_20251215_173136.jpg,1,20251215_173136
dew_20251215_173136.jpg,1,20251215_173136
dew_20251215_173136.jpg,1,20251215_173136
dew_20251215_173137.jpg,1,20251215_173137
dew_20251215_173137.jpg,1,20251215_173137
dew_20251215_173137.jpg,1,20251215_173137
dew_20251215_173138.jpg,1,20251215_173138
dew_20251215_173138.jpg,1,20251215_173138
dew_20251215_173138.jpg,1,20251215_173138
dew_20251215_173139.jpg,1,20251215_173139
dew_20251215_173139.jpg,1,20251215_173139
dew_20251215_173139.jpg,1,20251215_173139
dew_20251215_173139.jpg,1,20251215_173139
dew_20251215_173140.jpg,1,20251215_173140
dew_20251215_173140.jpg,1,20251215_173140
dew_20251215_173141.jpg,1,20251215_173141
dew_20251215_173141.jpg,1,20251215_173141
dew_20251215_173141.jpg,1,20251215_173141
dew_20251215_173142.jpg,1,20251215_173142
dew_20251215_173142.jpg,1,20251215_173142
dew_20251215_173142.jpg,1,20251215_173142
dew_20251215_173142.jpg,1,20251215_173142
dew_20251215_173143.jpg,1,20251215_173143
dew_20251215_173143.jpg,1,20251215_173143
dew_20251215_173144.jpg,1,20251215_173144
dew_20251215_173144.jpg,1,20251215_173144
dew_20251215_173144.jpg,1,20251215_173144
dew_20251215_173145.jpg,1,20251215_173145
dew_20251215_173145.jpg,1,20251215_173145
dew_20251215_173145.jpg,1,20251215_173145
dew_20251215_173146.jpg,1,20251215_173146
dew_20251215_173146.jpg,1,20251215_173146
dew_20251215_173146.jpg,1,20251215_173146
dew_20251215_173146.jpg,1,20251215_173146
dew_20251215_173147.jpg,1,20251215_173147
dew_20251215_173147.jpg,1,20251215_173147
dew_20251215_173147.jpg,1,20251215_173147
dew_20251215_173148.jpg,1,20251215_173148
dew_20251215_173148.jpg,1,20251215_173148
dew_20251215_173148.jpg,1,20251215_173148
dew_20251215_173149.jpg,1,20251215_173149
dew_20251215_173149.jpg,1,20251215_173149
dew_20251215_173149.jpg,1,20251215_173149
dew_20251215_173150.jpg,1,20251215_173150
dew_20251215_173150.jpg,1,20251215_173150
dew_20251215_173150.jpg,1,20251215_173150
dew_20251215_173151.jpg,1,20251215_173151
dew_20251215_173151.jpg,1,20251215_173151
dew_20251215_173151.jpg,1,20251215_173151
dew_20251215_173152.jpg,1,20251215_173152
dew_20251215_173152.jpg,1,20251215_173152
dew_20251215_173152.jpg,1,20251215_173152
dew_20251215_173153.jpg,1,20251215_173153
dew_20251215_173153.jpg,1,20251215_173153
dew_20251215_173153.jpg,1,20251215_173153
dew_20251215_173154.jpg,1,20251215_173154
dew_20251215_173154.jpg,1,20251215_173154
dew_20251215_173154.jpg,1,20251215_173154
dew_20251215_173155.jpg,1,20251215_173155
dew_20251215_173155.jpg,1,20251215_173155
dew_20251215_173155.jpg,1,20251215_173155
dew_20251215_173156.jpg,1,20251215_173156
dew_20251215_173156.jpg,1,20251215_173156
dew_20251215_173156.jpg,1,20251215_173156
dew_20251215_173157.jpg,1,20251215_173157
dew_20251215_173157.jpg,1,20251215_173157
dew_20251215_173157.jpg,1,20251215_173157
dew_20251215_173158.jpg,1,20251215_173158
dew_20251215_173158.jpg,1,20251215_173158
dew_20251215_173158.jpg,1,20251215_173158
dew_20251215_173159.jpg,1,20251215_173159
dew_20251215_173520.jpg,5,20251215_173520
dew_20251215_173521.jpg,5,20251215_173521
dew_20251215_173522.jpg,5,20251215_173522
dew_20251215_173522.jpg,5,20251215_173522
dew_20251215_173522.jpg,5,20251215_173522
dew_20251215_173523.jpg,5,20251215_173523
dew_20251215_173523.jpg,5,20251215_173523
dew_20251215_173523.jpg,5,20251215_173523
dew_20251215_173524.jpg,5,20251215_173524
dew_20251215_173524.jpg,5,20251215_173524
dew_20251215_173524.jpg,5,20251215_173524
dew_20251215_173525.jpg,5,20251215_173525
dew_20251215_173525.jpg,5,20251215_173525
dew_20251215_173525.jpg,5,20251215_173525
dew_20251215_173526.jpg,5,20251215_173526
dew_20251215_173526.jpg,5,20251215_173526
dew_20251215_173526.jpg,5,20251215_173526
dew_20251215_173527.jpg,5,20251215_173527
dew_20251215_173527.jpg,5,20251215_173527
dew_20251215_173527.jpg,5,20251215_173527
dew_20251215_173528.jpg,5,20251215_173528
dew_20251215_173528.jpg,5,20251215_173528
dew_20251215_173528.jpg,5,20251215_173528
dew_20251215_173529.jpg,5,20251215_173529
dew_20251215_173529.jpg,5,20251215_173529
dew_20251215_173529.jpg,5,20251215_173529
dew_20251215_173530.jpg,5,20251215_173530
dew_20251215_173530.jpg,5,20251215_173530
dew_20251215_173530.jpg,5,20251215_173530
dew_20251215_173531.jpg,5,20251215_173531
dew_20251215_173531.jpg,5,20251215_173531
dew_20251215_173531.jpg,5,20251215_173531
dew_20251215_173532.jpg,5,20251215_173532
dew_20251215_173532.jpg,5,20251215_173532
dew_20251215_173532.jpg,5,20251215_173532
dew_20251215_173533.jpg,5,20251215_173533
dew_20251215_173533.jpg,5,20251215_173533
dew_20251215_173533.jpg,5,20251215_173533
dew_20251215_173534.jpg,5,20251215_173534
dew_20251215_173534.jpg,5,20251215_173534
dew_20251215_173534.jpg,5,20251215_173534
dew_20251215_173534.jpg,5,20251215_173534
dew_20251215_173535.jpg,5,20251215_173535
dew_20251215_173535.jpg,5,20251215_173535
dew_20251215_173541.jpg,4,20251215_173541
dew_20251215_173542.jpg,4,20251215_173542
dew_20251215_173542.jpg,4,20251215_173542
dew_20251215_173542.jpg,4,20251215_173542
dew_20251215_173543.jpg,4,20251215_173543
dew_20251215_173543.jpg,4,20251215_173543
dew_20251215_173543.jpg,4,20251215_173543
dew_20251215_173543.jpg,4,20251215_173543
dew_20251215_173544.jpg,4,20251215_173544
dew_20251215_173544.jpg,4,20251215_173544
dew_20251215_173544.jpg,4,20251215_173544
dew_20251215_173545.jpg,4,20251215_173545
dew_20251215_173545.jpg,4,20251215_173545
dew_20251215_173545.jpg,4,20251215_173545
dew_20251215_173546.jpg,4,20251215_173546
dew_20251215_173546.jpg,4,20251215_173546
dew_20251215_173546.jpg,4,20251215_173546
dew_20251215_173547.jpg,4,20251215_173547
